{"cameraMode":{"drawMode":0,"name":"Shaded","section":"Shading Mode"},"sceneLighting":false,"audioPlay":false,"sceneViewState":{"m_AlwaysRefresh":false,"showFog":true,"showSkybox":false,"showFlares":true,"showImageEffects":true,"showParticleSystems":true,"showVisualEffectGraphs":true,"m_FxEnabled":true},"in2DMode":false,"pivot":{"x":-3.4478683471679689,"y":0.4415609836578369,"z":-1.1561490297317505},"rotation":{"x":0.21860694885253907,"y":0.059964023530483249,"z":-0.013463711366057396,"w":0.9738823771476746},"size":6.928203105926514,"orthographic":false}